MOVIES,YEAR,GENRE,RATING,ONE-LINE,STARS,VOTES,RunTime,Gross,Extract_date,owner_company,nr_of_episodes
,,,,,,,,,2020-01-01 00:25:41.336487285,20th Century Fox	,75
,,,,,,,,,2020-01-01 00:51:22.672974571,Marvel Studios,72
,,,,,,,,,2020-01-01 02:08:26.682436428," Legendary Entertainment	",115
,,,,,,,,,2020-01-01 02:34:08.018923713,Relativity Media,81
,,,,,,,,,2020-01-01 02:59:49.355410999,"  Paramount Pictures",74
,,,,,,,,,2020-01-01 03:25:30.691898285,Marvel Studios,79
,,,,,,,,,2020-01-01 03:51:12.028385570,"  Columbia Pictures	",115
Masters of the Universe: Revelation,(2021– ),"
Animation, Action, Adventure            ",5.0,"
The war for Eternia begins again in what may be the final battle between He-Man and Skeletor. A new animated series from writer-director Kevin Smith.","
            
    Stars:
Chris Wood, 
Sarah Michelle Gellar, 
Lena Headey, 
Mark Hamill
","17,870",25.0,,2020-01-01 04:16:53.364872856,"  Columbia Pictures	",20
The Walking Dead,(2010–2022),"
Drama, Horror, Thriller            ",8.2,"
Sheriff Deputy Rick Grimes wakes up from a coma to learn the world is in ruins and must lead a group of survivors to stay alive.","
            
    Stars:
Andrew Lincoln, 
Norman Reedus, 
Melissa McBride, 
Lauren Cohan
","885,805",44.0,,2020-01-01 04:42:34.701360141," Legendary Entertainment	",80
Rick and Morty,(2013– ),"
Animation, Adventure, Comedy            ",9.2,"
An animated series that follows the exploits of a super scientist and his not-so-bright grandson.","
            
    Stars:
Justin Roiland, 
Chris Parnell, 
Spencer Grammer, 
Sarah Chalke
","414,849",23.0,,2020-01-01 05:08:16.037847427,Universal Pictures	,14
Army of Thieves,(2021),"
Action, Crime, Horror            ",,"
A prequel, set before the events of Army of the Dead, which focuses on German safecracker Ludwig Dieter leading a group of aspiring thieves on a top secret heist during the early stages of the zombie apocalypse.","
    Director:
Matthias Schweighöfer
| 
    Stars:
Matthias Schweighöfer, 
Nathalie Emmanuel, 
Ruby O. Fee, 
Stuart Martin
",,,,2020-01-01 05:33:57.374334713,"  Paramount Pictures",18
Outer Banks,(2020– ),"
Action, Crime, Drama            ",7.6,"
A group of teenagers from the wrong side of the tracks stumble upon a treasure map that unearths a long buried secret.","
            
    Stars:
Chase Stokes, 
Madelyn Cline, 
Madison Bailey, 
Jonathan Daviss
","25,858",50.0,,2020-01-01 05:59:38.710821998,"   Walt Disney Pictures	",140
,,,,,,,,,2020-01-01 06:25:20.047309284,Universal Pictures	,73
,,,,,,,,,2020-01-01 06:51:01.383796570,"  Columbia Pictures	",85
,,,,,,,,,2020-01-01 13:42:02.767593140,"  Columbia Pictures	",124
,,,,,,,,,2020-01-01 14:07:44.104080425,"  Paramount Pictures",13
The Last Letter from Your Lover,(2021),"
Drama, Romance            ",6.8,"
A pair of interwoven stories set in the past and present follow an ambitious journalist determined to solve the mystery of a forbidden love affair at the center of a trove of secret love letters from 1965.","
    Director:
Augustine Frizzell
| 
    Stars:
Shailene Woodley, 
Joe Alwyn, 
Wendy Nottingham, 
Felicity Jones
","5,283",110.0,,2020-01-01 14:33:25.440567711,Marvel Studios,77
Dexter,(2006–2013),"
Crime, Drama, Mystery            ",8.6,"
By day, mild-mannered Dexter is a blood-spatter analyst for the Miami police. But at night, he is a serial killer who only targets other murderers.","
            
    Stars:
Michael C. Hall, 
Jennifer Carpenter, 
David Zayas, 
James Remar
","665,387",53.0,,2020-01-01 14:59:06.777054997,"  Paramount Pictures",102
Never Have I Ever,(2020– ),"
Comedy            ",7.9,"
The complicated life of a modern-day first generation Indian American teenage girl, inspired by Mindy Kaling's own childhood.","
            
    Stars:
Maitreyi Ramakrishnan, 
Poorna Jagannathan, 
Darren Barnet, 
John McEnroe
","34,530",30.0,,2020-01-01 15:24:48.113542282,Universal Pictures	,59
Virgin River,(2019– ),"
Drama, Romance            ",7.4,"
Seeking a fresh start, nurse practitioner Melinda Monroe moves from Los Angeles to a remote Northern California town and is surprised by what and who she finds.","
            
    Stars:
Alexandra Breckenridge, 
Martin Henderson, 
Colin Lawrence, 
Tim Matheson
","27,279",44.0,,2020-01-01 15:50:29.450029568," Legendary Entertainment	",51
Gunpowder Milkshake,(2021),"
Action, Adventure, Thriller            ",6.0,"
Three generations of women fight back against those who could take everything from them.","
    Director:
Navot Papushado
| 
    Stars:
Karen Gillan, 
Lena Headey, 
Carla Gugino, 
Michelle Yeoh
","17,989",114.0,,2020-01-01 16:16:10.786516853,20th Century Fox	,8
Lucifer,(2016–2021),"
Crime, Drama, Fantasy            ",8.1,"
Lucifer Morningstar has decided he's had enough of being the dutiful servant in Hell and decides to spend some time on Earth to better understand humanity. He settles in Los Angeles - the City of Angels.","
            
    Stars:
Tom Ellis, 
Lesley-Ann Brandt, 
Lauren German, 
D.B. Woodside
","264,222",42.0,,2020-01-01 16:41:52.123004139,Marvel Studios,8
Fear Street: 1994,(2021),"
Drama, Horror, Mystery            ",6.2,"
A circle of teenage friends accidentally encounter the ancient evil responsible for a series of brutal murders that have plagued their town for over 300 years. Welcome to Shadyside.","
    Director:
Leigh Janiak
| 
    Stars:
Kiana Madeira, 
Olivia Scott Welch, 
Benjamin Flores Jr., 
Julia Rehwald
","50,148",107.0,,2020-01-01 17:07:33.459491425,Relativity Media,7
,,,,,,,,,2020-01-01 17:33:14.795978710,Relativity Media,85
,,,,,,,,,2020-01-01 17:58:56.132465996,"   Walt Disney Pictures	",95
,,,,,,,,,2020-01-01 18:24:37.468953282,"  Paramount Pictures",58
,,,,,,,,,2020-01-01 18:50:18.805440567,"  Paramount Pictures",97
,,,,,,,,,2020-01-01 19:16:00.141927853,Universal Pictures	,126
,,,,,,,,,2020-01-01 19:41:41.478415138,"    RatPac-Dune Entertainment	",82
,,,,,,,,,2020-01-01 20:07:22.814902424,"    RatPac-Dune Entertainment	",19
StartUp,(2016–2018),"
Crime, Thriller            ",7.9,"
A desperate banker, a Haitian-American gang lord and a Cuban-American hacker are forced to work together to unwittingly create their version of the American dream - organized crime 2.0.","
            
    Stars:
Adam Brody, 
Edi Gathegi, 
Otmara Marrero, 
Kristen Ariza
","22,971",44.0,,2020-01-02 18:48:53.648728563,"  Columbia Pictures	",72
The Vampire Diaries,(2009–2017),"
Drama, Fantasy, Horror            ",7.7,"
The lives, loves, dangers and disasters in the town, Mystic Falls, Virginia. Creatures of unspeakable horror lurk beneath this town as a teenage girl is suddenly torn between two vampire brothers.","
            
    Stars:
Nina Dobrev, 
Paul Wesley, 
Ian Somerhalder, 
Kat Graham
","293,434",43.0,,2020-01-02 19:14:34.985215848,Marvel Studios,142
365 dni,(2020),"
Drama, Romance            ",3.3,"
Massimo is a member of the Sicilian Mafia family and Laura is a sales director. She does not expect that on a trip to Sicily trying to save her relationship, Massimo will kidnap her and give her 365 days to fall in love with him.","
    Directors:
Barbara Bialowas, 
Tomasz Mandes
| 
    Stars:
Anna Maria Sieklucka, 
Michele Morrone, 
Bronislaw Wroclawski, 
Otar Saralidze
","63,620",114.0,,2020-01-02 19:40:16.321703134,"  Columbia Pictures	",125
How to Sell Drugs Online (Fast),(2019– ),"
Comedy, Crime, Drama            ",7.9,"
To win back the love of his life, a high school student and his best friend launch Europe's largest online drug business from their teenage bedroom.","
            
    Stars:
Maximilian Mundt, 
Danilo Kamperidis, 
Lena Klenke, 
Damian Hardung
","23,960",30.0,,2020-01-02 20:05:57.658190419,Marvel Studios,44
Good Girls,(2018–2021),"
Comedy, Crime, Drama            ",7.8,"
Three suburban mothers suddenly find themselves in desperate circumstances and decide to stop playing it safe and risk everything to take their power back.","
            
    Stars:
Christina Hendricks, 
Retta, 
Mae Whitman, 
Reno Wilson
","38,618",43.0,,2020-01-02 20:31:38.994677705,"    RatPac-Dune Entertainment	",81
13 Reasons Why,(2017–2020),"
Drama, Mystery, Thriller            ",7.6,"
Follows teenager Clay Jensen, in his quest to uncover the story behind his classmate and crush, Hannah, and her decision to end her life.","
            
    Stars:
Dylan Minnette, 
Katherine Langford, 
Christian Navarro, 
Alisha Boe
","266,386",60.0,,2020-01-02 20:57:20.331164991,"  Columbia Pictures	",105
The Queen's Gambit,(2021),"
Drama            ",8.6,"
Orphaned at the tender age of nine, prodigious introvert Beth Harmon discovers and masters the game of chess in 1960s USA. But child stardom comes at a price.","
            
    Stars:
Anya Taylor-Joy, 
Chloe Pirrie, 
Bill Camp, 
Marcin Dorocinski
","336,801",395.0,,2020-01-02 21:23:01.667652276,"   Walt Disney Pictures	",62
Legends of Tomorrow,(2016– ),"
Action, Adventure, Drama            ",6.8,"
Time-travelling rogue Rip Hunter has to recruit a rag-tag team of heroes and villains to help prevent an apocalypse that could impact not only Earth, but all of time.","
            
    Stars:
Caity Lotz, 
Amy Louise Pemberton, 
Dominic Purcell, 
Nick Zano
","95,897",42.0,,2020-01-02 21:48:43.004139562,"	Warner Bros.  ",119
Star Trek: The Next Generation,(1987–1994),"
Action, Adventure, Mystery            ",8.6,"
Set almost 100 years after Captain Kirk's five-year mission, a new generation of Starfleet officers set off in the U.S.S. Enterprise-D on their own mission to go where no one has gone before.","
            
    Stars:
Patrick Stewart, 
Brent Spiner, 
Jonathan Frakes, 
LeVar Burton
","106,181",44.0,,2020-01-02 22:14:24.340626848,"	Warner Bros.  ",79
Le dernier mercenaire,(2021),"
Action, Comedy            ",5.4,"
A mysterious former secret service agent must urgently return to France when his estranged son is falsely accused of arms and drug trafficking by the government, following a blunder by an overzealous bureaucrat and a mafia operation.","
    Director:
David Charhon
| 
    Stars:
Jean-Claude Van Damme, 
Alban Ivanov, 
Samir Decazza, 
Assa Sylla
","2,606",110.0,,2020-01-02 22:40:05.677114133,"  Paramount Pictures",78
Resort to Love,(2021),"
Comedy, Romance            ",5.7,"
Erica, who ends up as the entertainment at her ex-fiancé's wedding after reluctantly taking a gig at a luxurious island resort while in the wake of a music career meltdown.","
    Director:
Steven K. Tsuchida
| 
    Stars:
Christina Milian, 
Tymberlee Hill, 
Kayne Lee Harrison, 
Ruth Nadler-Nir
","1,591",101.0,,2020-01-02 23:05:47.013601419,Relativity Media,42
Evil,(2019– ),"
Crime, Drama, Horror            ",7.7,"
A skeptical female clinical psychologist joins a priest-in-training and a blue-collar contractor as they investigate supposed miracles, demonic possession, and other extraordinary occurrences to see if there's a scientific explanation or if something truly supernatural is at work.","
            
    Stars:
Katja Herbers, 
Mike Colter, 
Aasif Mandvi, 
Maddy Crocco
","15,048",42.0,,2020-01-02 23:31:28.350088704,"  Columbia Pictures	",67
The Expanse,(2015– ),"
Drama, Mystery, Sci-Fi            ",8.5,"
In the 24th century, a disparate band of antiheroes unravel a vast conspiracy that threatens the Solar System's fragile state of cold war.","
            
    Stars:
Wes Chatham, 
Dominique Tipper, 
Steven Strait, 
Shohreh Aghdashloo
","119,644",60.0,,2020-01-02 23:57:09.686575990,Marvel Studios,140
New Amsterdam,(2018– ),"
Drama            ",8.1,"
A new medical director breaks the rules to heal the system at America's oldest public hospital.","
            
    Stars:
Ryan Eggold, 
Janet Montgomery, 
Freema Agyeman, 
Jocko Sims
","27,709",43.0,,2020-01-03 00:22:51.023063276,20th Century Fox	,53
Line of Duty,(2012– ),"
Crime, Drama, Mystery            ",8.7,"
Drama series following the investigations of AC-12, a controversial police anti-corruption unit.","
            
    Stars:
Martin Compston, 
Vicky McClure, 
Adrian Dunbar, 
Craig Parkinson
","46,751",60.0,,2020-01-03 00:48:32.359550561,"	Warner Bros.  ",102
The 100,(2014–2020),"
Drama, Mystery, Sci-Fi            ",7.6,"
Set ninety-seven years after a nuclear war has destroyed civilization, when a spaceship housing humanity's lone survivors sends one hundred juvenile delinquents back to Earth, in hopes of possibly re-populating the planet.","
            
    Stars:
Eliza Taylor, 
Bob Morley, 
Marie Avgeropoulos, 
Isaiah Washington
","226,962",43.0,,2020-01-03 01:14:13.696037847,"  Columbia Pictures	",21
New Girl,(2011–2018),"
Comedy            ",7.7,"
After a bad break-up, Jess, an offbeat young woman, moves into an apartment loft with three single men. Although they find her behavior very unusual, the men support her - most of the time.","
            
    Stars:
Zooey Deschanel, 
Jake Johnson, 
Max Greenfield, 
Hannah Simone
","200,421",22.0,,2020-01-03 01:39:55.032525133,20th Century Fox	,86
Prison Break,(2005–2017),"
Action, Crime, Drama            ",8.3,"
Due to a political conspiracy, an innocent man is sent to death row and his only hope is his brother, who makes it his mission to deliberately get himself sent to the same prison in order to break the both of them out, from the inside.","
            
    Stars:
Dominic Purcell, 
Wentworth Miller, 
Amaury Nolasco, 
Robert Knepper
","492,438",44.0,,2020-01-03 02:05:36.369012418,"    RatPac-Dune Entertainment	",108
Sex Education,(2019– ),"
Comedy, Drama            ",8.3,"
A teenage boy with a sex therapist mother teams up with a high school classmate to set up an underground sex therapy clinic at school.","
            
    Stars:
Asa Butterfield, 
Gillian Anderson, 
Ncuti Gatwa, 
Emma Mackey
","177,274",45.0,,2020-01-03 02:31:17.705499704,Universal Pictures	,120
A Classic Horror Story,(2021),"
Drama, Horror, Mystery            ",5.7,"
In this gruesome suspense film, strangers traveling in southern Italy become stranded in the woods, where they must fight desperately to get out alive.","
    Directors:
Roberto De Feo, 
Paolo Strippoli
| 
    Stars:
Matilda Anna Ingrid Lutz, 
Francesco Russo, 
Peppino Mazzotta, 
Will Merrick
","8,822",95.0,,2020-01-03 02:56:59.041986989,"  Paramount Pictures",116
Feels Like Ishq,(2021– ),"
Comedy, Drama, Romance            ",6.6,"
Short films follow young adults as they navigate the gamut of emotions that come with finding romantic connection in unexpected places.","
            
    Stars:
Jojo Singh, 
Mihir Ahuja, 
Kajol Chugh, 
Sumali Khaniwale
",848,32.0,,2020-01-03 03:22:40.378474275,"	Warner Bros.  ",34
Young Royals,(2021– ),"
Drama, Romance            ",8.6,"
Prince Wilhelm adjusts to life at his prestigious new boarding school, Hillerska, but following his heart proves more challenging than anticipated.","
            
    Stars:
Edvin Ryding, 
Omar Rudberg, 
Frida Argento, 
Samuel Astor
","16,954",50.0,,2020-01-03 03:48:21.714961561,"  Columbia Pictures	",70
Shadow and Bone,(2021– ),"
Action, Adventure, Drama            ",7.7,"
Dark forces conspire against orphan mapmaker Alina Starkov when she unleashes an extraordinary power that could change the fate of her war-torn world.","
            
    Stars:
Jessie Mei Li, 
Ben Barnes, 
Archie Renaux, 
Freddy Carter
","60,283",,,2020-01-03 04:14:03.051448846,"  Paramount Pictures",120
The Hitman's Bodyguard,(2017),"
Action, Comedy, Crime            ",6.9,"
The world's top bodyguard gets a new client, a hitman who must testify at the International Criminal Court. They must put their differences aside and work together to make it to the trial on time.","
    Director:
Patrick Hughes
| 
    Stars:
Ryan Reynolds, 
Samuel L. Jackson, 
Gary Oldman, 
Elodie Yung
","205,979",118.0,$75.47M,2020-01-03 04:39:44.387936132,Marvel Studios,146
Mad Men,(2007–2015),"
Drama            ",8.6,"
A drama about one of New York's most prestigious ad agencies at the beginning of the 1960s, focusing on one of the firm's most mysterious but extremely talented ad executives, Donald Draper.","
            
    Stars:
Jon Hamm, 
Elisabeth Moss, 
Vincent Kartheiser, 
January Jones
","216,203",47.0,,2020-01-03 05:05:25.724423418,Relativity Media,60
Élite,(2018– ),"
Crime, Drama, Thriller            ",7.5,"
When three working-class teenagers begin attending an exclusive private school in Spain, the clash between them and the wealthy students leads to murder.","
            
    Stars:
Itzan Escamilla, 
Omar Ayuso, 
Miguel Bernardeau, 
Arón Piper
","59,730",60.0,,2020-01-03 05:31:07.060910703,"   Walt Disney Pictures	",117
Gilmore Girls,(2000–2007),"
Comedy, Drama            ",8.1,"
A dramedy centering around the relationship between a thirtysomething single mother and her teen daughter living in Stars Hollow, Connecticut.","
            
    Stars:
Lauren Graham, 
Alexis Bledel, 
Keiko Agena, 
Scott Patterson
","106,650",44.0,,2020-01-03 05:56:48.397397989,Relativity Media,71
Sky Rojo,(2021– ),"
Action, Adventure, Crime            ",6.5,"
Coral, Wendy, and Gina go on the run in search of freedom while being chased by Romeo, their pimp from Las Novias Club, and his henchmen, Moises and Christian.","
            
    Stars:
Verónica Sánchez, 
Miguel Ángel Silvestre, 
Asier Etxeandia, 
Lali Espósito
","6,940",31.0,,2020-01-03 06:22:29.733885275,20th Century Fox	,4
Lupin,(2021– ),"
Action, Crime, Drama            ",7.5,"
Inspired by the adventures of Arsène Lupin, gentleman thief Assane Diop sets out to avenge his father for an injustice inflicted by a wealthy family.","
            
    Stars:
Omar Sy, 
Ludivine Sagnier, 
Hervé Pierre, 
Soufiane Guerrab
","84,428",45.0,,2020-01-03 06:48:11.070372560,Relativity Media,66
Trollhunters: Rise of the Titans,(2021),"
Animation, Action, Adventure            ",6.9,"
The heroes from the Trollhunters series team-up on an epic adventure to fight the Arcane Order for control over the magic that binds them all.","
    Directors:
Johane Matte, 
Francisco Ruiz-Velasco, 
Andrew L. Schmidt
| 
    Stars:
Steve Alterman, 
Kay Bess, 
Brian Blessed, 
Vic Chao
","2,353",104.0,,2020-01-03 07:13:52.406859846," Legendary Entertainment	",143
Heartland,(II) (2007– ),"
Drama, Family            ",8.4,"
A multi-generational saga set in Alberta, Canada and centered on a family getting through life together in both happy and trying times.","
            
    Stars:
Amber Marshall, 
Shaun Johnston, 
Michelle Morgan, 
Graham Wardle
","11,764",45.0,,2020-01-03 07:39:33.743347131,"    RatPac-Dune Entertainment	",35
Jurassic Park,(1993),"
Action, Adventure, Sci-Fi            ",8.1,"
A pragmatic paleontologist visiting an almost complete theme park is tasked with protecting a couple of kids after a power failure causes the park's cloned dinosaurs to run loose.","
    Director:
Steven Spielberg
| 
    Stars:
Sam Neill, 
Laura Dern, 
Jeff Goldblum, 
Richard Attenborough
","897,444",127.0,$402.45M,2020-01-03 08:05:15.079834417,"	Warner Bros.  ",72
Family Guy,(1999–2022),"
Animation, Comedy            ",8.1,"
In a wacky Rhode Island town, a dysfunctional family strive to cope with everyday life as they are thrown from one crazy scenario to another.","
            
    Stars:
Seth MacFarlane, 
Alex Borstein, 
Seth Green, 
Mila Kunis
","312,584",22.0,,2020-01-03 08:30:56.416321703,"   Walt Disney Pictures	",101
Daredevil,(2015–2018),"
Action, Crime, Drama            ",8.6,"
A blind lawyer by day, vigilante by night. Matt Murdock fights the crime of New York as Daredevil.","
            
    Stars:
Charlie Cox, 
Vincent D'Onofrio, 
Deborah Ann Woll, 
Elden Henson
","374,963",54.0,,2020-01-03 08:56:37.752808988,Relativity Media,8
Dark,(2017–2020),"
Crime, Drama, Mystery            ",8.8,"
A family saga with a supernatural twist, set in a German town, where the disappearance of two young children exposes the relationships among four families.","
            
    Stars:
Louis Hofmann, 
Karoline Eichhorn, 
Lisa Vicari, 
Maja Schöne
","312,629",60.0,,2020-01-03 09:22:19.089296274,"  Paramount Pictures",86
Boku no hîrô akademia,(2016– ),"
Animation, Action, Adventure            ",8.4,"
A superhero-loving boy without any powers is determined to enroll in a prestigious hero academy and learn what it really means to be a hero.","
            
    Stars:
Daiki Yamashita, 
Nobuhiko Okamoto, 
Ayane Sakura, 
Justin Briner
","44,367",24.0,,2020-01-03 09:48:00.425783560,Universal Pictures	,70
Cobra Kai,(2018– ),"
Action, Comedy, Drama            ",8.6,"
Decades after their 1984 All Valley Karate Tournament bout, a middle-aged Daniel LaRusso and Johnny Lawrence find themselves martial-arts rivals again.","
            
    Stars:
Courtney Henggeler, 
Mary Mouser, 
Tanner Buchanan, 
Ralph Macchio
","122,268",30.0,,2020-01-03 10:13:41.762270845,"  Paramount Pictures",120
" Kingdom",(2019– ),"
Action, Drama, History            ",7.1,"
Tragedy, betrayal and a mysterious discovery fuel a woman's vengeance for the loss of her tribe and family in this special episode of ""Kingdom.""","
    Director:
Seong-hun Kim
| 
    Stars:
Jun Ji-hyun, 
Si-ah Kim, 
Byeong-eun Park, 
Kyo-hwan Koo
","6,388",92.0,,2020-01-03 10:39:23.098758131,Relativity Media,91
Gotham,(2014–2019),"
Action, Crime, Drama            ",7.8,"
The story behind Detective James Gordon's rise to prominence in Gotham City in the years before Batman's arrival.","
            
    Stars:
Ben McKenzie, 
Jada Pinkett Smith, 
Donal Logue, 
Camren Bicondova
","216,458",42.0,,2020-01-03 11:05:04.435245416,Marvel Studios,52
Billions,(2016– ),"
Drama            ",8.4,"
U.S. Attorney Chuck Rhoades goes after hedge fund king Bobby ""Axe"" Axelrod in a battle between two powerful New York figures.","
            
    Stars:
Paul Giamatti, 
Damian Lewis, 
Maggie Siff, 
David Costabile
","74,094",60.0,,2020-01-03 11:30:45.771732702,Marvel Studios,72
Agents of S.H.I.E.L.D.,(2013–2020),"
Action, Adventure, Drama            ",7.5,"
The missions of the Strategic Homeland Intervention, Enforcement and Logistics Division.","
            
    Stars:
Clark Gregg, 
Ming-Na Wen, 
Brett Dalton, 
Iain De Caestecker
","205,119",45.0,,2020-01-03 11:56:27.108219988,Relativity Media,141
Don't Breathe,(2016),"
Crime, Horror, Thriller            ",7.1,"
Hoping to walk away with a massive fortune, a trio of thieves break into the house of a blind man who isn't as helpless as he seems.","
    Director:
Fede Alvarez
| 
    Stars:
Stephen Lang, 
Jane Levy, 
Dylan Minnette, 
Daniel Zovatto
","237,601",88.0,$89.22M,2020-01-03 12:22:08.444707273,"	Warner Bros.  ",23
The Ice Road,(2021),"
Action, Adventure, Drama            ",5.6,"
After a remote diamond mine collapses in far northern Canada, a ‘big-rig’ ice road driver must lead an impossible rescue mission over a frozen ocean to save the trapped miners.","
    Director:
Jonathan Hensleigh
| 
    Stars:
Liam Neeson, 
Marcus Thomas, 
Laurence Fishburne, 
Amber Midthunder
","20,561",109.0,,2020-01-03 12:47:49.781194559,"	Warner Bros.  ",12
Arrow,(2012–2020),"
Action, Adventure, Crime            ",7.5,"
Spoiled billionaire playboy Oliver Queen is missing and presumed dead when his yacht is lost at sea. He returns five years later a changed man, determined to clean up the city as a hooded vigilante armed with a bow.","
            
    Stars:
Stephen Amell, 
Katie Cassidy, 
David Ramsey, 
Susanna Thompson
","414,712",42.0,,2020-01-03 13:13:31.117681845,"  Columbia Pictures	",93
Orange Is the New Black,(2013–2019),"
Comedy, Crime, Drama            ",8.0,"
Convicted of a decade old crime of transporting drug money to an ex-girlfriend, normally law-abiding Piper Chapman is sentenced to a year and a half behind bars to face the reality of how life-changing prison can really be.","
            
    Stars:
Taylor Schilling, 
Danielle Brooks, 
Taryn Manning, 
Emma Myles
","284,554",59.0,,2020-01-03 13:39:12.454169130,"   Walt Disney Pictures	",78
Gossip Girl,(2007–2012),"
Drama, Romance            ",7.4,"
Privileged teens living on the Upper East Side of New York can hide no secret from the ruthless blogger who is always watching.","
            
    Stars:
Blake Lively, 
Leighton Meester, 
Penn Badgley, 
Ed Westwick
","159,666",42.0,,2020-01-03 14:04:53.790656416,"   Walt Disney Pictures	",137
Bridgerton,(2020– ),"
Drama, Romance            ",7.3,"
Wealth, lust, and betrayal set against the backdrop of Regency-era England, seen through the eyes of the powerful Bridgerton family.","
            
    Stars:
Phoebe Dynevor, 
Regé-Jean Page, 
Nicola Coughlan, 
Jonathan Bailey
","83,944",60.0,,2020-01-03 14:30:35.127143701,"	Warner Bros.  ",118
The Kominsky Method,(2018–2021),"
Comedy, Drama            ",8.2,"
An aging actor, who long ago enjoyed a brush with fame, makes his living as an acting coach.","
            
    Stars:
Michael Douglas, 
Sarah Baker, 
Graham Rogers, 
Melissa Tang
","33,440",30.0,,2020-01-03 14:56:16.463630987,"  Columbia Pictures	",143
Homeland,(2011–2020),"
Crime, Drama, Mystery            ",8.3,"
A bipolar CIA operative becomes convinced a prisoner of war has been turned by al-Qaeda and is planning to carry out a terrorist attack on American soil.","
            
    Stars:
Claire Danes, 
Mandy Patinkin, 
Damian Lewis, 
Rupert Friend
","322,307",55.0,,2020-01-03 15:21:57.800118273,"	Warner Bros.  ",79
Riverdale,(2017– ),"
Crime, Drama, Mystery            ",6.8,"
While navigating the troubled waters of romance, school and family, Archie and his gang become entangled in dark Riverdale mysteries.","
            
    Stars:
K.J. Apa, 
Lili Reinhart, 
Camila Mendes, 
Cole Sprouse
","126,112",45.0,,2020-01-03 15:47:39.136605558,Marvel Studios,108
Sherlock,(2010–2017),"
Crime, Drama, Mystery            ",9.1,"
A modern update finds the famous sleuth and his doctor partner solving crime in 21st century London.","
            
    Stars:
Benedict Cumberbatch, 
Martin Freeman, 
Una Stubbs, 
Rupert Graves
","839,029",88.0,,2020-01-03 16:13:20.473092844,Relativity Media,88
La cocinera de Castamar,(2021),"
Drama            ",7.4,"
Set in early 18th-century Madrid, the plot follows the love story between an agoraphobic cook and a widowed nobleman.","
            
    Stars:
Michelle Jenner, 
Roberto Enríquez, 
Hugo Silva, 
Maxi Iglesias
","1,336",,,2020-01-03 16:39:01.809580130,"  Paramount Pictures",3
Queen of the South,(2016–2021),"
Action, Crime, Drama            ",8.0,"
Teresa flees Mexico after her drug-runner boyfriend is murdered. Settling in Dallas she looks to become the country's reigning drug smuggler and to avenge her lover's murder.","
            
    Stars:
Alice Braga, 
Hemky Madera, 
Peter Gadiot, 
Veronica Falcón
","23,318",42.0,,2020-01-03 17:04:43.146067415,20th Century Fox	,146
CSI: Crime Scene Investigation,(2000–2015),"
Crime, Drama, Mystery            ",7.6,"
Series following an elite team of police forensic evidence investigation experts as they work their cases in Las Vegas.","
            
    Stars:
Laurence Fishburne, 
Marg Helgenberger, 
George Eads, 
Eric Szmanda
","78,589",60.0,,2020-01-03 17:30:24.482554701,"	Warner Bros.  ",85
The Umbrella Academy,(2019– ),"
Action, Adventure, Comedy            ",8.0,"
A family of former child heroes, now grown apart, must reunite to continue to protect the world.","
            
    Stars:
Elliot Page, 
Tom Hopper, 
David Castañeda, 
Emmy Raver-Lampman
","175,513",60.0,,2020-01-03 17:56:05.819041987,"    RatPac-Dune Entertainment	",53
Supergirl,(2015–2021),"
Action, Adventure, Drama            ",6.2,"
The adventures of Superman's cousin in her own superhero career.","
            
    Stars:
Melissa Benoist, 
Chyler Leigh, 
David Harewood, 
Mehcad Brooks
","115,373",43.0,,2020-01-03 18:21:47.155529272,"  Paramount Pictures",74
BoJack Horseman,(2014–2020),"
Animation, Comedy, Drama            ",8.7,"
BoJack Horseman was the star of the hit television show ""Horsin' Around"" in the '80s and '90s, but now he's washed up, living in Hollywood, complaining about everything, and wearing colorful sweaters.","
            
    Stars:
Will Arnett, 
Amy Sedaris, 
Alison Brie, 
Aaron Paul
","124,318",25.0,,2020-01-03 18:47:28.492016558,20th Century Fox	,14
The Lord of the Rings: The Fellowship of the Ring,(2001),"
Action, Adventure, Drama            ",8.8,"
A meek Hobbit from the Shire and eight companions set out on a journey to destroy the powerful One Ring and save Middle-earth from the Dark Lord Sauron.","
    Director:
Peter Jackson
| 
    Stars:
Elijah Wood, 
Ian McKellen, 
Orlando Bloom, 
Sean Bean
","1,713,028",178.0,$315.54M,2020-01-03 19:13:09.828503843,Universal Pictures	,116
I Think You Should Leave with Tim Robinson,(2019– ),"
Comedy            ",7.8,"
In this new sketch show, Tim Robinson and guests spend each segment driving someone to the point of needing -- or desperately wanting -- to leave.","
            
    Stars:
Tim Robinson, 
Sam Richardson, 
Patti Harrison, 
Conner O'Malley
","8,095",16.0,,2020-01-03 19:38:51.164991129,"  Columbia Pictures	",101
South Park,(1997– ),"
Animation, Comedy            ",8.7,"
Follows the misadventures of four irreverent grade-schoolers in the quiet, dysfunctional town of South Park, Colorado.","
            
    Stars:
Trey Parker, 
Matt Stone, 
Isaac Hayes, 
Mona Marshall
","340,148",22.0,,2020-01-03 20:04:32.501478415,Relativity Media,139
Once Upon a Time,(2011–2018),"
Adventure, Fantasy, Romance            ",7.7,"
A young woman with a troubled past is drawn to a small town in Maine where fairy tales are to be believed.","
            
    Stars:
Ginnifer Goodwin, 
Jennifer Morrison, 
Lana Parrilla, 
Robert Carlyle
","212,616",60.0,,2020-01-03 20:30:13.837965700,"   Walt Disney Pictures	",17
Star Trek: Discovery,(2017– ),"
Action, Adventure, Drama            ",7.2,"
Ten years before Kirk, Spock, and the Enterprise, the USS Discovery discovers new worlds and lifeforms as one Starfleet officer learns to understand all things alien.","
            
    Stars:
Sonequa Martin-Green, 
Doug Jones, 
Anthony Rapp, 
Mary Wiseman
","101,079",60.0,,2020-01-03 20:55:55.174452986,"  Columbia Pictures	",41
Teen Wolf,(2011–2017),"
Action, Drama, Fantasy            ",7.6,"
An average high school student and his best friend get caught up in some trouble causing him to receive a werewolf bite. As a result they find themselves in the middle of all sorts of dramas in Beacon Hills.","
            
    Stars:
Tyler Posey, 
Holland Roden, 
Dylan O'Brien, 
Linden Ashby
","132,950",41.0,,2020-01-03 21:21:36.510940272,Universal Pictures	,81
How to Get Away with Murder,(2014–2020),"
Crime, Drama, Mystery            ",8.1,"
A group of ambitious law students and their brilliant criminal defense professor become involved in a twisted murder plot that promises to change the course of their lives.","
            
    Stars:
Viola Davis, 
Billy Brown, 
Jack Falahee, 
Aja Naomi King
","136,135",43.0,,2020-01-03 21:47:17.847427557,Relativity Media,75
Star Trek: Deep Space Nine,(1993–1999),"
Action, Adventure, Drama            ",8.0,"
In the vicinity of the liberated planet of Bajor, the Federation space station Deep Space Nine guards the opening of a stable wormhole to the far side of the galaxy.","
            
    Stars:
Avery Brooks, 
Rene Auberjonois, 
Cirroc Lofton, 
Alexander Siddig
","55,687",45.0,,2020-01-03 22:12:59.183914843,20th Century Fox	,55
Seinfeld,(1989–1998),"
Comedy            ",8.8,"
The continuing misadventures of neurotic New York City stand-up comedian Jerry Seinfeld and his equally neurotic New York City friends.","
            
    Stars:
Jerry Seinfeld, 
Julia Louis-Dreyfus, 
Michael Richards, 
Jason Alexander
","264,801",22.0,,2020-01-03 22:38:40.520402128," Legendary Entertainment	",44
Spartacus: Blood and Sand,(2010–2013),"
Action, Adventure, Biography            ",8.5,"
The life of Spartacus, the gladiator who lead a rebellion against the Romans. From his time as an ally of the Romans, to his betrayal and becoming a gladiator, to the rebellion he leads and its ultimate outcome.","
            
    Stars:
Andy Whitfield, 
Lucy Lawless, 
Manu Bennett, 
Daniel Feuerriegel
","228,484",55.0,,2020-01-03 23:04:21.856889414,"	Warner Bros.  ",66
Hawaii Five-0,(2010–2020),"
Action, Crime, Drama            ",7.3,"
Steve McGarrett returns home to Oahu in order to find his father's killer; The Governor offers him the chance to run his own task force - Five-0.","
            
    Stars:
Alex O'Loughlin, 
Scott Caan, 
Taylor Wily, 
Daniel Dae Kim
","68,627",42.0,,2020-01-03 23:30:03.193376700,"  Columbia Pictures	",48
Good Witch,(2015–2021),"
Comedy, Drama, Fantasy            ",7.3,"
""Good Witch"" will take viewers on a new magical journey with Cassie Nightingale and her daughter Grace. When Dr. Sam Radford moves in next door to Grey House with his son, they are charmed by the 'magical' mother-daughter duo.","
            
    Stars:
Catherine Bell, 
Catherine Disher, 
James Denton, 
Kylee Evans
","8,268",48.0,,2020-01-03 23:55:44.529863985,20th Century Fox	,98
The Sinner,(2017– ),"
Crime, Drama, Mystery            ",7.9,"
Anthology series that examines how and why ordinary people commit brutal crimes.","
            
    Stars:
Bill Pullman, 
Dohn Norwood, 
Adam LeFevre, 
Jessica Biel
","96,901",45.0,,2020-01-04 00:21:25.866351271,"    RatPac-Dune Entertainment	",61
Arrested Development,(2003–2019),"
Comedy            ",8.7,"
Level-headed son Michael Bluth takes over family affairs after his father is imprisoned. But the rest of his spoiled, dysfunctional family are making his job unbearable.","
            
    Stars:
Jason Bateman, 
Michael Cera, 
Portia de Rossi, 
Will Arnett
","284,373",22.0,,2020-01-04 00:47:07.202838557," Legendary Entertainment	",78
Escape Room,(I) (2019),"
Action, Adventure, Horror            ",6.4,"
Six strangers find themselves in a maze of deadly mystery rooms and must use their wits to survive.","
    Director:
Adam Robitel
| 
    Stars:
Taylor Russell, 
Logan Miller, 
Jay Ellis, 
Tyler Labine
","99,351",99.0,$57.01M,2020-01-04 01:12:48.539325842,Relativity Media,90
You,(2018– ),"
Crime, Drama, Romance            ",7.7,"
A dangerously charming, intensely obsessive young man goes to extreme measures to insert himself into the lives of those he is transfixed by.","
            
    Stars:
Penn Badgley, 
Victoria Pedretti, 
Ambyr Childers, 
Elizabeth Lail
","157,666",45.0,,2020-01-04 01:38:29.875813128," Legendary Entertainment	",18
Mindhunter,(2017–2019),"
Crime, Drama, Thriller            ",8.6,"
Set in the late 1970s, two FBI agents are tasked with interviewing serial killers to solve open cases.","
            
    Stars:
Jonathan Groff, 
Holt McCallany, 
Anna Torv, 
Hannah Gross
","235,694",60.0,,2020-01-04 02:04:11.212300413,20th Century Fox	,129
Jaws,(1975),"
Adventure, Thriller            ",8.0,"
When a killer shark unleashes chaos on a beach community, it's up to a local sheriff, a marine biologist, and an old seafarer to hunt the beast down.","
    Director:
Steven Spielberg
| 
    Stars:
Roy Scheider, 
Robert Shaw, 
Richard Dreyfuss, 
Lorraine Gary
","558,731",124.0,$260.00M,2020-01-04 02:29:52.548787699,Universal Pictures	,8
Avatar: The Last Airbender,(2005–2008),"
Animation, Action, Adventure            ",9.3,"
In a war-torn world of elemental magic, a young boy reawakens to undertake a dangerous mystic quest to fulfill his destiny as the Avatar, and bring peace to the world.","
            
    Stars:
Dee Bradley Baker, 
Zach Tyler, 
Mae Whitman, 
Jack De Sena
","265,845",23.0,,2020-01-04 02:55:33.885274985,"	Warner Bros.  ",33
The Punisher,(2017–2019),"
Action, Crime, Drama            ",8.5,"
After the murder of his family, Marine veteran Frank Castle becomes the vigilante known as ""The Punisher,"" with only one goal in mind: to avenge them.","
            
    Stars:
Jon Bernthal, 
Amber Rose Revah, 
Ben Barnes, 
Jason R. Moore
","194,777",53.0,,2020-01-04 03:21:15.221762270,Relativity Media,68
Star Trek: Voyager,(1995–2001),"
Action, Adventure, Sci-Fi            ",7.8,"
Pulled to the far side of the galaxy, where the Federation is seventy-five years away at maximum warp speed, a Starfleet ship must cooperate with Maquis rebels to find a way home.","
            
    Stars:
Kate Mulgrew, 
Robert Beltran, 
Roxann Dawson, 
Robert Duncan McNeill
","61,917",44.0,,2020-01-04 03:46:56.558249556,"  Columbia Pictures	",64
The Departed,(2006),"
Crime, Drama, Thriller            ",8.5,"
An undercover cop and a mole in the police attempt to identify each other while infiltrating an Irish gang in South Boston.","
    Director:
Martin Scorsese
| 
    Stars:
Leonardo DiCaprio, 
Matt Damon, 
Jack Nicholson, 
Mark Wahlberg
","1,227,522",151.0,$132.38M,2020-01-04 04:12:37.894736842,20th Century Fox	,88
Narcos,(2015–2017),"
Biography, Crime, Drama            ",8.8,"
A chronicled look at the criminal exploits of Colombian drug lord Pablo Escobar, as well as the many other drug kingpins who plagued the country through the years.","
            
    Stars:
Pedro Pascal, 
Lizbeth Eden, 
Wagner Moura, 
Boyd Holbrook
","375,261",49.0,,2020-01-04 04:38:19.231224127,Universal Pictures	,19
The Serpent,(2021),"
Crime, Drama, Thriller            ",7.6,"
The twisting, real-life story of Charles Sobhraj, a murderer, thief and seductive master of disguise, who was a hidden darkness in the mid-70's on Asia's hippie trail.","
            
    Stars:
Tahar Rahim, 
Billy Howle, 
Jenna Coleman, 
Ellie Bamber
","33,936",58.0,,2020-01-04 05:04:00.567711413,Marvel Studios,104
Star Wars: The Clone Wars,(2008–2020),"
Animation, Action, Adventure            ",8.3,"
Jedi Knights lead the Grand Army of the Republic against the droid army of the Separatists.","
            
    Stars:
Tom Kane, 
Dee Bradley Baker, 
Matt Lanter, 
James Arnold Taylor
","71,904",23.0,,2020-01-04 05:29:41.904198699,Universal Pictures	,96
"Murder, She Wrote",(1984–1996),"
Crime, Drama, Mystery            ",7.0,"
Professional writer and amateur sleuth Jessica Fletcher uses her intellect, charm, and persistence to get to the bottom of every crime she encounters.","
            
    Stars:
Angela Lansbury, 
William Windom, 
Ron Masak, 
Louis Herthum
","20,330",50.0,,2020-01-04 05:55:23.240685984,"  Columbia Pictures	",78
Fatherhood,(2021),"
Comedy, Drama            ",6.7,"
A father brings up his baby girl as a single dad after the unexpected death of his wife who died a day after their daughter's birth.","
    Director:
Paul Weitz
| 
    Stars:
Kevin Hart, 
Alfre Woodard, 
Lil Rel Howery, 
DeWanda Wise
","26,508",109.0,,2020-01-04 06:21:04.577173270,"  Paramount Pictures",92
Blue Bloods,(2010– ),"
Crime, Drama, Mystery            ",7.6,"
Revolves around a family of New York cops.","
            
    Stars:
Donnie Wahlberg, 
Bridget Moynahan, 
Will Estes, 
Len Cariou
","34,064",43.0,,2020-01-04 06:46:45.913660555,Universal Pictures	,62
Heist,(2021– ),"
Documentary, Crime, Mystery            ",6.8,"
Millions in stolen cash. Missing luxury bourbon. Watch ordinary people almost get away with these extraordinary heists in this true crime series.","
            
    Stars:
William Guirola, 
Megan Barlow, 
Scott Bender, 
Jonny Carlson
",846,41.0,,2020-01-04 07:12:27.250147841,Relativity Media,142
The Woman in the Window,(2021),"
Crime, Drama, Mystery            ",5.7,"
An agoraphobic woman living alone in New York begins spying on her new neighbors, only to witness a disturbing act of violence.","
    Director:
Joe Wright
| 
    Stars:
Amy Adams, 
Gary Oldman, 
Anthony Mackie, 
Fred Hechinger
","57,048",100.0,,2020-01-04 07:38:08.586635127,"	Warner Bros.  ",35
Black Summer,(2019– ),"
Action, Drama, Horror            ",6.5,"
In the dark, early days of a zombie apocalypse, complete strangers band together to find the strength they need to survive and get back to loved ones.","
            
    Stars:
Jaime King, 
Justin Chu Cary, 
Christine Lee, 
Zoe Marlett
","25,453",40.0,,2020-01-04 08:03:49.923122412," Legendary Entertainment	",108
Katla,(2021– ),"
Drama, Mystery, Sci-Fi            ",7.1,"
One year after the violent eruption of the subglacial volcano Katla, the peace and tranquility in the small town of Vik is dramatically disturbed.","
            
    Stars:
Guðrún Ýr Eyfjörð, 
Íris Tanja Flygenring, 
Ingvar Sigurdsson, 
Aliette Opheim
","8,391",,,2020-01-04 08:29:31.259609698,"    RatPac-Dune Entertainment	",107
Gone Girl,(2014),"
Drama, Mystery, Thriller            ",8.1,"
With his wife's disappearance having become the focus of an intense media circus, a man sees the spotlight turned on him when it's suspected that he may not be innocent.","
    Director:
David Fincher
| 
    Stars:
Ben Affleck, 
Rosamund Pike, 
Neil Patrick Harris, 
Tyler Perry
","895,888",149.0,$167.77M,2020-01-04 08:55:12.596096984,20th Century Fox	,76
Jumanji: Welcome to the Jungle,(2017),"
Action, Adventure, Comedy            ",6.9,"
Four teenagers are sucked into a magical video game, and the only way they can escape is to work together to finish the game.","
    Director:
Jake Kasdan
| 
    Stars:
Dwayne Johnson, 
Karen Gillan, 
Kevin Hart, 
Jack Black
","337,900",119.0,$404.52M,2020-01-04 09:20:53.932584269,"   Walt Disney Pictures	",41
American Psycho,(2000),"
Comedy, Crime, Drama            ",7.6,"
A wealthy New York City investment banking executive, Patrick Bateman, hides his alternate psychopathic ego from his co-workers and friends as he delves deeper into his violent, hedonistic fantasies.","
    Director:
Mary Harron
| 
    Stars:
Christian Bale, 
Justin Theroux, 
Josh Lucas, 
Bill Sage
","517,014",101.0,$15.07M,2020-01-04 09:46:35.269071555,Relativity Media,5
House of Cards,(2013–2018),"
Drama            ",8.7,"
A Congressman works with his equally conniving wife to exact revenge on the people who betrayed him.","
            
    Stars:
Kevin Spacey, 
Michel Gill, 
Robin Wright, 
Kate Mara
","476,656",51.0,,2020-01-04 10:12:16.605558840,"   Walt Disney Pictures	",97
Miraculous: Tales of Ladybug & Cat Noir,(2015– ),"
Animation, Action, Adventure            ",7.7,"
Marinette and Adrien, two normal teens, transform into superheroes Ladybug and Cat Noir when an evil threatens their city.","
            
    Stars:
Cristina Valenzuela, 
Bryce Papenbrook, 
Keith Silverstein, 
Mela Lee
","8,300",20.0,,2020-01-04 10:37:57.942046126,"  Paramount Pictures",119
Mayor Grom: Chumnoy Doktor,(2021),"
Action, Adventure            ",6.3,"
Police Major Igor Grom is known throughout St. Petersburg for his penetrative character and irreconcilable attitude towards criminals of all stripes. But everything changes dramatically ...                See full summary »
","
    Director:
Oleg Trofim
| 
    Stars:
Tikhon Zhiznevskiy, 
Lyubov Aksyonova, 
Sergei Goroshko, 
Aleksey Maklakov
","8,466",136.0,,2020-01-04 11:03:39.278533412,20th Century Fox	,23
Demon Slayer: Kimetsu No Yaiba,(2019– ),"
Animation, Action, Fantasy            ",8.7,"
A family is attacked by demons and only two members survive - Tanjiro and his sister Nezuko, who is turning into a demon slowly. Tanjiro sets out to become a demon slayer to avenge his family and cure his sister.","
            
    Stars:
Natsuki Hanae, 
Zach Aguilar, 
Abby Trott, 
Akari Kitô
","46,259",25.0,,2020-01-04 11:29:20.615020697,Marvel Studios,40
Jane the Virgin,(2014–2019),"
Comedy            ",7.8,"
A young, devout Catholic woman discovers that she was accidentally artificially inseminated.","
            
    Stars:
Gina Rodriguez, 
Andrea Navedo, 
Yael Grobglas, 
Justin Baldoni
","41,758",60.0,,2020-01-04 11:55:01.951507983," Legendary Entertainment	",140
The Good Wife,(2009–2016),"
Crime, Drama, Mystery            ",8.3,"
Alicia Florrick (Julianna Margulies) has been a good wife to her husband, a former state's attorney. After a very humiliating sex and corruption scandal, he is behind bars. She must now provide for her family and returns to work as a litigator in a law firm.","
            
    Stars:
Julianna Margulies, 
Chris Noth, 
Josh Charles, 
Matt Czuchry
","70,021",43.0,,2020-01-04 12:20:43.287995269,Universal Pictures	,60
The Good Place,(2016–2020),"
Comedy, Drama, Fantasy            ",8.0,"
Four people and their otherworldly frienemy struggle in the afterlife to define what it means to be good.","
            
    Stars:
Kristen Bell, 
William Jackson Harper, 
Jameela Jamil, 
D'Arcy Carden
","127,417",22.0,,2020-01-04 12:46:24.624482554,Universal Pictures	,8
The Americans,(2013–2018),"
Crime, Drama, Mystery            ",9.4,"
At the height of the Cold War two Russian agents pose as your average American couple, complete with family.","
            
    Stars:
Keri Russell, 
Matthew Rhys, 
Keidrich Sellati, 
Holly Taylor
","88,962",44.0,,2020-01-04 13:12:05.960969840,Relativity Media,113
Glee,(2009–2015),"
Comedy, Drama, Music            ",6.7,"
A group of ambitious misfits try to escape the harsh realities of high school by joining a glee club headed by a passionate Spanish teacher.","
            
    Stars:
Lea Michele, 
Jane Lynch, 
Matthew Morrison, 
Cory Monteith
","139,934",44.0,,2020-01-04 13:37:47.297457126,20th Century Fox	,120
Bo Burnham: Inside,(2021 TV Special),"
Comedy, Drama, Music            ",8.7,"
A musical comedy special shot and performed by Bo Burnham, alone, over the course of a very unusual year.","
    Director:
Bo Burnham
| 
    Stars:
Bo Burnham, 
Socko
","31,108",87.0,,2020-01-04 14:03:28.633944411,"  Paramount Pictures",26
Kill Bill: Vol. 1,(2003),"
Action, Crime, Drama            ",8.1,"
After awakening from a four-year coma, a former assassin wreaks vengeance on the team of assassins who betrayed her.","
    Director:
Quentin Tarantino
| 
    Stars:
Uma Thurman, 
David Carradine, 
Daryl Hannah, 
Michael Madsen
","1,034,554",111.0,$70.10M,2020-01-04 14:29:09.970431697,Marvel Studios,131
Bartkowiak,(2021),"
Action, Crime, Sport            ",5.0,"
After his brother dies in a car crash, a disgraced MMA fighter takes over the family nightclub and soon learns his sibling's death wasn't an accident.","
    Director:
Daniel Markowicz
| 
    Stars:
Józef Pawlowski, 
Zofia Domalik, 
Szymon Bobrowski, 
Bartlomiej Topa
",398,91.0,,2020-01-04 14:54:51.306918982,Universal Pictures	,15
Castlevania,(2017–2021),"
Animation, Action, Adventure            ",8.3,"
A vampire hunter fights to save a besieged city from an army of otherworldly creatures controlled by Dracula.","
            
    Stars:
Richard Armitage, 
James Callis, 
Alejandra Reynoso, 
Theo James
","51,802",23.0,,2020-01-04 15:20:32.643406268,Marvel Studios,47
300,(2006),"
Action, Drama            ",7.6,"
King Leonidas of Sparta and a force of 300 men fight the Persians at Thermopylae in 480 B.C.","
    Director:
Zack Snyder
| 
    Stars:
Gerard Butler, 
Lena Headey, 
David Wenham, 
Dominic West
","751,815",117.0,$210.61M,2020-01-04 15:46:13.979893554,"   Walt Disney Pictures	",56
Dawson's Creek,(1998–2003),"
Drama, Romance            ",6.6,"
Four friends in a small coastal town help each other cope with adolescence.","
            
    Stars:
James Van Der Beek, 
Katie Holmes, 
Michelle Williams, 
Joshua Jackson
","38,117",60.0,,2020-01-04 16:11:55.316380839,Relativity Media,89
It,(I) (2017),"
Horror            ",7.3,"
In the summer of 1989, a group of bullied kids band together to destroy a shape-shifting monster, which disguises itself as a clown and preys on the children of Derry, their small Maine town.","
    Director:
Andy Muschietti
| 
    Stars:
Bill Skarsgard, 
Jaeden Martell, 
Finn Wolfhard, 
Sophia Lillis
","480,607",135.0,$327.48M,2020-01-04 16:37:36.652868125," Legendary Entertainment	",38
Pretty Little Liars,(2010–2017),"
Drama, Mystery, Romance            ",7.4,"
Four friends band together against an anonymous foe who threatens to reveal their darkest secrets, while also investigating the disappearance of their best friend.","
            
    Stars:
Troian Bellisario, 
Ashley Benson, 
Lucy Hale, 
Shay Mitchell
","155,875",44.0,,2020-01-04 17:03:17.989355411,"   Walt Disney	",82
Star Trek,(1966–1969),"
Action, Adventure, Sci-Fi            ",8.3,"
In the 23rd Century, Captain James T. Kirk and the crew of the U.S.S. Enterprise explore the galaxy and defend the United Federation of Planets.","
            
    Stars:
William Shatner, 
Leonard Nimoy, 
DeForest Kelley, 
Nichelle Nichols
","76,213",50.0,,2020-01-04 17:28:59.325842696,Marvel Studios,29
Archer,(2009– ),"
Animation, Action, Comedy            ",8.6,"
Covert black ops and espionage take a back seat to zany personalities and relationships between secret agents and drones.","
            
    Stars:
H. Jon Benjamin, 
Judy Greer, 
Amber Nash, 
Chris Parnell
","141,784",22.0,,2020-01-04 17:54:40.662329982,20th Century Fox	,72
Spider-Man: Far from Home,(2019),"
Action, Adventure, Sci-Fi            ",7.5,"
Following the events of Avengers: Endgame (2019), Spider-Man must step up to take on new threats in a world that has changed forever.","
    Director:
Jon Watts
| 
    Stars:
Tom Holland, 
Samuel L. Jackson, 
Jake Gyllenhaal, 
Marisa Tomei
","363,012",129.0,$390.53M,2020-01-04 18:20:21.998817267,Relativity Media,83
Twin Peaks,(1990–1991),"
Crime, Drama, Mystery            ",8.8,"
An idiosyncratic FBI agent investigates the murder of a young woman in the even more idiosyncratic town of Twin Peaks.","
            
    Stars:
Kyle MacLachlan, 
Mädchen Amick, 
Dana Ashbrook
","182,173",47.0,,2020-01-04 18:46:03.335304553,"   Lionsgate	",45
The Mitchells vs the Machines,(2021),"
Animation, Adventure, Comedy            ",7.7,"
A quirky, dysfunctional family's road trip is upended when they find themselves in the middle of the robot apocalypse and suddenly become humanity's unlikeliest last hope.","
    Directors:
Michael Rianda, 
Jeff Rowe
| 
    Stars:
Abbi Jacobson, 
Danny McBride, 
Maya Rudolph, 
Michael Rianda
","69,482",113.0,,2020-01-04 19:11:44.671791839,"    RatPac-Dune Entertainment	",110
The Bold Type,(2019–2021),"
Comedy, Drama            ",7.9,"
A glimpse into the outrageous lives and loves of those responsible for a global women's magazine.","
            
    Stars:
Katie Stevens, 
Aisha Dee, 
Meghann Fahy, 
Melora Hardin
","16,183",45.0,,2020-01-04 19:37:26.008279124,Universal Pictures	,39
"Love, Death & Robots",(2019– ),"
Animation, Short, Comedy            ",8.5,"
A collection of animated short stories that span various genres including science fiction, fantasy, horror and comedy.","
            
    Stars:
Scott Whyte, 
Nolan North, 
Steven Pacey, 
Emily O'Brien
","120,364",15.0,,2020-01-04 20:03:07.344766410,20th Century Fox	,27
Hostage House,(2021),"
Thriller            ",3.7,"
When an ambitious realtor and her daughter are held hostage during an open house, they must work together to outsmart their captors.","
    Director:
David Benullo
| 
    Stars:
Jennifer Taylor, 
Julia Terranova, 
Emily Sweet, 
Justin C. Schilling
",315,85.0,,2020-01-04 20:28:48.681253696,Relativity Media,56
The Hobbit: An Unexpected Journey,(2012),"
Adventure, Fantasy            ",7.8,"
A reluctant Hobbit, Bilbo Baggins, sets out to the Lonely Mountain with a spirited group of dwarves to reclaim their mountain home, and the gold within it from the dragon Smaug.","
    Director:
Peter Jackson
| 
    Stars:
Martin Freeman, 
Ian McKellen, 
Richard Armitage, 
Andy Serkis
","774,632",169.0,$303.00M,2020-01-04 20:54:30.017740981,Lionsgate	,134
Clueless,(1995),"
Comedy, Romance            ",6.8,"
Shallow, rich and socially successful Cher is at the top of her Beverly Hills high school's pecking scale. Seeing herself as a matchmaker, Cher first coaxes two teachers into dating each other.","
    Director:
Amy Heckerling
| 
    Stars:
Alicia Silverstone, 
Stacey Dash, 
Brittany Murphy, 
Paul Rudd
","194,461",97.0,$56.63M,2020-01-04 21:20:11.354228267,Marvel Studios,128
Ray Donovan,(2014–2016),"
Crime, Drama            ",8.3,"
Ray Donovan, a professional ""fixer"" for the rich and famous in Los Angeles, can make anyone's problems disappear except those created by his own family.","
            
    Stars:
Liev Schreiber, 
Eddie Marsan, 
Dash Mihok, 
Pooch Hall
","79,618",60.0,,2020-01-04 21:45:52.690715552,"    RatPac-Dune Entertainment	",33
Transformers: War for Cybertron,(2020–2021),"
Animation, Action, Adventure            ",7.4,"
Animated series set in the world of battling Autobots and Decepticons.","
            
    Stars:
Jason Marnocha, 
Frank Todaro, 
Jake Foushee, 
Bill Rogers
","2,923",30.0,,2020-01-04 22:11:34.027202838,"	Lionsgate  ",141
Baywatch,(2017),"
Action, Comedy, Crime            ",5.5,"
Devoted lifeguard Mitch Buchannon butts heads with a brash new recruit, as they uncover a criminal plot that threatens the future of the bay.","
    Director:
Seth Gordon
| 
    Stars:
Dwayne Johnson, 
Zac Efron, 
Alexandra Daddario, 
Priyanka Chopra Jonas
","170,844",116.0,$58.06M,2020-01-04 22:37:15.363690124,"   Walt Disney Pictures	",131
Trollhunters,(2016–2018),"
Animation, Action, Adventure            ",8.4,"
An ordinary boy finds a magic amulet that chooses him to be a Trollhunter, a guardian that defends the world of humans and the secret world of trolls.","
            
    Stars:
Charlie Saxton, 
Lexi Medrano, 
Anton Yelchin, 
Kelsey Grammer
","14,759",23.0,,2020-01-04 23:02:56.700177409,Marvel Studios,108
Snowpiercer,(2020– ),"
Action, Drama, Sci-Fi            ",6.9,"
Seven years after the world has become a frozen wasteland, the remnants of humanity inhabit a perpetually-moving train that circles the globe, where class warfare, social injustice and the politics of survival play out.","
            
    Stars:
Daveed Diggs, 
Iddo Goldberg, 
Mickey Sumner, 
Alison Wright
","39,433",60.0,,2020-01-04 23:28:38.036664695,20th Century Fox	,111
Workin' Moms,(2017– ),"
Comedy            ",7.7,"
Four very different thirtysomething working-mother friends try to balance their jobs, family lives, and love lives in modern-day Toronto, Canada.","
            
    Stars:
Catherine Reitman, 
Dani Kind, 
Juno Rinaldi, 
Philip Sternberg
","12,896",30.0,,2020-01-04 23:54:19.373151981,Relativity Media,16
The Devil All the Time,(2020),"
Crime, Drama, Thriller            ",7.1,"
Sinister characters converge around a young man devoted to protecting those he loves in a postwar backwoods town teeming with corruption and brutality.","
    Director:
Antonio Campos
| 
    Stars:
Tom Holland, 
Bill Skarsgård, 
Riley Keough, 
Jason Clarke
","108,684",138.0,,2020-01-05 00:20:00.709639266,"  Paramount Pictures",120
Broadchurch,(2013–2017),"
Crime, Drama, Mystery            ",8.4,"
The murder of a young boy in a small coastal town brings a media frenzy, which threatens to tear the community apart.","
            
    Stars:
David Tennant, 
Olivia Colman, 
Jodie Whittaker, 
Andrew Buchan
","100,611",48.0,,2020-01-05 00:45:42.046126552,Relativity Media,66
Fast & Furious 7,(2015),"
Action, Adventure, Thriller            ",7.1,"
Deckard Shaw seeks revenge against Dominic Toretto and his family for his comatose brother.","
    Director:
James Wan
| 
    Stars:
Vin Diesel, 
Paul Walker, 
Dwayne Johnson, 
Jason Statham
","371,194",137.0,$353.01M,2020-01-05 01:11:23.382613838,"	Warner Bros.  ",91
L.A.'s Finest,(2019–2020),"
Action, Comedy, Crime            ",6.0,"
The spinoff series of Bad Boys films focuses on drug enforcement agent Sydney Burnett, now working for the Los Angeles Police Department.","
            
    Stars:
Jessica Alba, 
Gabrielle Union, 
Duane Martin, 
Zach Gilford
","5,667",60.0,,2020-01-05 01:37:04.719101123,Marvel Studios,145
Good on Paper,(2021),"
Comedy, Romance            ",5.6,"
After years of putting her career first, a stand-up comic meets a guy who seems perfect: smart, nice, successful and possibly too good to be true.","
    Director:
Kimmy Gatewood
| 
    Stars:
Iliza Shlesinger, 
Britney Young, 
Christopher Nicholas Smith, 
Adam Lustick
","8,099",92.0,,2020-01-05 02:02:46.055588409,"   Walt Disney Pictures	",30
Iron Fist,(2017–2018),"
Action, Adventure, Crime            ",6.5,"
A young man is bestowed with incredible martial arts skills and a mystical force known as the Iron Fist.","
            
    Stars:
Finn Jones, 
Jessica Henwick, 
Jessica Stroup, 
Tom Pelphrey
","118,859",55.0,,2020-01-05 02:28:27.392075694," Legendary Entertainment	",72
Too Hot to Handle,(2020– ),"
Game-Show, Reality-TV, Romance            ",4.6,"
On the shores of paradise, gorgeous singles meet and mingle. But there's a twist. To win a $100,000 grand prize, they'll have to give up sex.","
            
    Stars:
Desiree Burch, 
Marvin Anthony, 
Chase de Moor, 
Cam Holmes
","10,008",40.0,,2020-01-05 02:54:08.728562980,Relativity Media,140
Haseen Dillruba,(2021),"
Crime, Drama, Mystery            ",6.9,"
Under investigation as a suspect in her husband's murder, a wife reveals details of their thorny marriage that seem to only further blur the truth.","
    Director:
Vinil Mathew
| 
    Stars:
Taapsee Pannu, 
Vikrant Massey, 
Harshvardhan Rane, 
Aditya Srivastav
","18,149",135.0,,2020-01-05 03:19:50.065050266,Relativity Media,129
Hannibal,(2013–2015),"
Crime, Drama, Horror            ",8.5,"
Explores the early relationship between renowned psychiatrist Hannibal Lecter and a young FBI criminal profiler who is haunted by his ability to empathize with serial killers.","
            
    Stars:
Hugh Dancy, 
Mads Mikkelsen, 
Caroline Dhavernas, 
Laurence Fishburne
","236,161",44.0,,2020-01-05 03:45:31.401537551,Relativity Media,29
Longmire,(2012–2017),"
Action, Crime, Drama            ",8.3,"
Walt Longmire is the dedicated and unflappable sheriff of Absaroka County, Wyoming. Widowed only a year, he is a man in psychic repair but buries his pain behind his brave face, unassuming grin and dry wit.","
            
    Stars:
Robert Taylor, 
Katee Sackhoff, 
Lou Diamond Phillips, 
Cassidy Freeman
","30,685",60.0,,2020-01-05 04:11:12.738024837,"	Warner Bros.  ",71
Sicario,(2015),"
Action, Crime, Drama            ",7.6,"
An idealistic FBI agent is enlisted by a government task force to aid in the escalating war against drugs at the border area between the U.S. and Mexico.","
    Director:
Denis Villeneuve
| 
    Stars:
Emily Blunt, 
Josh Brolin, 
Benicio Del Toro, 
Jon Bernthal
","387,903",121.0,$46.89M,2020-01-05 04:36:54.074512123,"	Warner Bros.  ",96
The Fall,(I) (2013–2015),"
Crime, Drama, Thriller            ",8.1,"
A seemingly cold but very passionate policewoman goes head to head with a seemingly passionate father who is in fact a cold serial killer in this procedural out of Belfast. The only thing they share is their common complexity.","
            
    Stars:
Gillian Anderson, 
Jamie Dornan, 
John Lynch, 
Aisling Franciosi
","89,590",60.0,,2020-01-05 05:02:35.410999408,"   Walt Disney Pictures	",44
The Irishman,(2019),"
Biography, Crime, Drama            ",7.8,"
Hitman Frank Sheeran looks back at the secrets he kept as a loyal member of the Bufalino crime family.","
    Director:
Martin Scorsese
| 
    Stars:
Robert De Niro, 
Al Pacino, 
Joe Pesci, 
Harvey Keitel
","345,455",209.0,$7.00M,2020-01-05 05:28:16.747486694," Legendary Entertainment	",95
PIRATES OF THE CARIBBEAN: THE CURSE OF THE BLACK PEARL,2003,"
Fantasy, Action, Adventure            ",8.7,"
Capt. Jack Sparrow (Johnny Depp) arrives at Port Royal in the Caribbean without a ship or crew","
    Director: Gore Verbinski
|     Stars:
Johnny Depp, 
Geoffrey Rush, 
Orlando Bloom, 
Keira Knightley
","25,386",24.0,,2020-01-05 05:53:58.083973979,"   Walt Disney Pictures	",23
PIRATES OF THE CARIBBEAN: on stranger tides,2011,"
Fantasy, Action, Adventure            ",8.7,"
The checkered past of Capt. Jack Sparrow (Johnny Depp) catches up to him when he encounters Angelica (Penélope Cruz)","
    Director: Rob Marshall
|     Stars:
Johnny Depp, 
Penelope Cruz, 
Geoffrey Rush, 
Ian McShane
","25,386",24.0,,2020-01-05 05:53:58.083973979,"   Walt Disney Pictures	",23